{
    "angry": {
        "precision": 0.6301775147928994,
        "recall": 0.6670146137787056,
        "f1-score": 0.6480730223123732,
        "support": 958.0
    },
    "disgust": {
        "precision": 0.8941176470588236,
        "recall": 0.6846846846846847,
        "f1-score": 0.7755102040816326,
        "support": 111.0
    },
    "fear": {
        "precision": 0.6687578419071518,
        "recall": 0.5205078125,
        "f1-score": 0.5853926414058209,
        "support": 1024.0
    },
    "happy": {
        "precision": 0.9021424435437174,
        "recall": 0.8782412626832018,
        "f1-score": 0.8900314195944016,
        "support": 1774.0
    },
    "neutral": {
        "precision": 0.6321279554937413,
        "recall": 0.7372262773722628,
        "f1-score": 0.6806439535754399,
        "support": 1233.0
    },
    "sad": {
        "precision": 0.5980937251787133,
        "recall": 0.6038492381716118,
        "f1-score": 0.6009577015163607,
        "support": 1247.0
    },
    "surprise": {
        "precision": 0.8228438228438228,
        "recall": 0.8495788206979543,
        "f1-score": 0.8359976317347543,
        "support": 831.0
    },
    "accuracy": 0.7208135971022569,
    "macro avg": {
        "precision": 0.7354658501169814,
        "recall": 0.7058718156983458,
        "f1-score": 0.7166580820315404,
        "support": 7178.0
    },
    "weighted avg": {
        "precision": 0.7240437035608053,
        "recall": 0.7208135971022569,
        "f1-score": 0.7200662680007445,
        "support": 7178.0
    }
}