{
    "train_loss": [
        1.3615507324634912,
        1.1976302486672006,
        1.1337582447705812,
        1.092780599084542,
        1.0549358664986033,
        1.0191599806837703,
        0.9890465036845846,
        0.957217943971901,
        0.9213285194784834,
        0.8862012241708767,
        0.8606860754719025,
        0.8240002359403513,
        0.7864103777775084,
        0.7679800746948219,
        0.7364829039390136,
        0.715865880341244,
        0.6848916454978562,
        0.669894120723851,
        0.6480760115508172,
        0.6333586468526017,
        0.6165329963544962,
        0.601261595109857,
        0.5902835533716839,
        0.5835023751855624,
        0.569838848969477,
        0.5623421777776676,
        0.5574422163534631,
        0.5513067454740153,
        0.5433600922895494,
        0.5399528405559969,
        0.5327678659151679,
        0.5254192070434649,
        0.5199282882795666,
        0.5170150456074251,
        0.5154153676635772,
        0.5100074312837982,
        0.5045840062003528,
        0.5055298784226018,
        0.5018681901376314,
        0.4973340941021911,
        0.4939842103288242,
        0.49026106040680967,
        0.48904998627213575,
        0.48808785971854773,
        0.48550491341686186
    ],
    "train_acc": [
        0.5481904629210352,
        0.6334947229091923,
        0.6683618377512278,
        0.6870667734856665,
        0.7086279563899822,
        0.7257654394092445,
        0.7390017067818454,
        0.7540492528475391,
        0.7742519767320353,
        0.7927130864885577,
        0.806053850708837,
        0.8275802013305932,
        0.8462154724999129,
        0.8538785746629977,
        0.8696227663798809,
        0.8798634574523668,
        0.895015500365739,
        0.9024696088334668,
        0.9129889581664287,
        0.9210352154376676,
        0.9284196593402766,
        0.9355254449824097,
        0.9412727716047232,
        0.9436413668187676,
        0.9498763453969139,
        0.9539517224563726,
        0.95611132397506,
        0.9575046152774391,
        0.96210247657529,
        0.9624856316834443,
        0.9663520150475461,
        0.9691734299348637,
        0.9720296771047406,
        0.9726566581908113,
        0.9733184715594413,
        0.9762792155769967,
        0.9776376745968163,
        0.9768713643805078,
        0.978194991117768,
        0.9805984186143718,
        0.9825490264377025,
        0.9836288271970463,
        0.9842209760005574,
        0.9844996342610332,
        0.9858580932808527
    ],
    "val_loss": [
        1.206980727664871,
        1.1793510531542128,
        1.166894484443165,
        1.1303131127629849,
        1.1169232833049993,
        1.1240610925558052,
        1.1231400286397353,
        1.1295102356735063,
        1.1319254875581688,
        1.1368455377485998,
        1.1295996969142774,
        1.1453014910304138,
        1.1941355447245694,
        1.1599770583592275,
        1.1819200411119246,
        1.1899507386699697,
        1.1972007850612163,
        1.2225653360932276,
        1.2372774415176935,
        1.2194030314110953,
        1.2131862820739299,
        1.2273278657557674,
        1.2132816213058808,
        1.21947578025017,
        1.2270299461632592,
        1.2308212709347164,
        1.2330532869312152,
        1.2246803126650023,
        1.2153371366892527,
        1.220394606675302,
        1.234795094831769,
        1.2176036355089563,
        1.2321352296700614,
        1.2271715332519115,
        1.2248792091130745,
        1.2305856876367978,
        1.2343594105205817,
        1.2369068075634704,
        1.234972383259199,
        1.2408444273767447,
        1.2330010862246168,
        1.2327542284565338,
        1.2311460128083604,
        1.234719168644956,
        1.227157098357144
    ],
    "val_acc": [
        0.6178601281694065,
        0.6444692114795207,
        0.6510169963778211,
        0.6719141822234606,
        0.6852883811646698,
        0.6806910002786292,
        0.6857063248815826,
        0.6891891891891891,
        0.7003343549735302,
        0.6880746726107551,
        0.7025633881303984,
        0.6940651992198384,
        0.700752298690443,
        0.6954583449428811,
        0.7109222624686542,
        0.7006129841181388,
        0.7088325438840902,
        0.7046531067149624,
        0.7032599609919198,
        0.705488994148788,
        0.7125940373363053,
        0.7061855670103093,
        0.7073000835887434,
        0.7105043187517415,
        0.7099470604625244,
        0.7144051267762608,
        0.7124547227640011,
        0.7146837559208693,
        0.7171914182223461,
        0.7125940373363053,
        0.7148230704931736,
        0.7162162162162162,
        0.713987183059348,
        0.7205349679576484,
        0.7208135971022569,
        0.7181666202284759,
        0.7144051267762608,
        0.7160769016439119,
        0.7152410142100863,
        0.7156589579269992,
        0.7188631930899972,
        0.7181666202284759,
        0.7184452493730844,
        0.71928113680691,
        0.7208135971022569
    ]
}